VgosDB,Total_0,Total_1,Total_2,Total_3,Total_4,Total_5,Total_6,Total_7,Total_8,Total_9,Total_B,Total_D,Total_E,Total_F,Total_G,Total_H,Total_N,Total_-
20220818-vo2230,0,0,0,0,1,2,4,24,299,89,0,0,0,0,2,0,0,1033
20220915-vr2205,77,0,1,9,38,133,154,642,2990,2082,0,0,0,0,45,24,1302,1016
20221020-vo2293,0,0,0,0,0,7,30,69,319,120,0,0,0,0,11,0,0,250
20221109-vr2206,4,0,0,0,2,6,5,66,243,161,0,0,0,0,1,0,127,0
20221214-vo2348,0,0,0,0,0,0,0,0,0,0,0,0,0,0,0,0,0,892
20230125-vr2301,5,0,1,1,3,15,41,179,422,371,0,0,0,0,48,36,2,0
20230322-vo3081,1,0,0,1,8,25,60,213,237,77,0,0,0,0,87,32,0,0
20230504-vo3124,0,1,1,0,6,13,64,192,307,223,0,0,0,0,58,3,0,284
20230531-vr2302,87,0,1,4,14,41,82,254,481,498,0,0,0,0,80,67,807,0
20230614-vo3165,0,0,0,1,6,18,71,179,105,71,0,0,0,0,24,1,0,0
20230629-vo3180,0,0,0,0,1,9,47,111,268,155,0,0,0,0,30,3,3,419
20230703-r11110,536,0,0,0,0,0,1,6,20,405,0,0,0,0,0,0,30,0
20230706-r41110,0,0,0,0,1,6,18,57,89,116,0,0,0,0,7,0,0,486
20230710-r11111,95,0,0,0,0,0,4,18,104,745,0,0,0,0,0,0,18,0
20230713-r41111,37,0,1,0,1,16,14,34,145,526,0,0,0,0,5,13,20,18
20230717-r11112,100,0,0,1,0,2,4,5,43,625,0,0,0,0,0,0,22,0
20230720-r41112,0,0,0,0,0,0,0,0,0,0,0,0,0,0,0,0,0,0
20230724-r11113,82,0,0,0,1,20,15,33,107,860,0,0,0,0,6,4,2,20
20230726-vo3207,0,0,0,0,0,4,21,41,95,90,0,0,0,0,0,0,0,0
20230727-r41113,71,0,0,0,0,7,17,61,247,479,0,0,0,0,7,6,3,22
20230814-r11116,117,0,0,0,0,0,5,10,59,541,0,0,0,0,4,2,2,30
20230817-r41116,99,0,0,0,0,2,1,10,60,488,0,0,0,0,2,4,0,34
20230822-r11117,153,0,0,0,0,1,1,7,41,1058,0,0,0,0,0,9,8,12
20230828-r11118,983,0,0,0,0,0,1,0,0,2,0,0,0,0,1,3,0,0
20230831-r41118,0,0,0,0,0,0,0,0,0,0,0,0,0,0,0,0,0,840
20230905-r11119,0,0,0,0,0,0,0,0,0,0,0,0,0,0,0,0,1112,0
20230907-vo3250,0,0,0,0,0,0,0,0,0,0,0,0,0,0,0,0,1148,0
20230911-r11120,0,0,0,0,0,0,0,0,0,0,0,0,0,0,0,0,0,994
20230914-r41120,0,0,0,0,0,0,0,0,0,0,0,0,0,0,0,0,0,778
20230918-r11121,0,0,0,0,0,0,0,0,0,0,0,0,0,0,0,0,842,0
20230920-vo3263,0,0,0,0,0,0,0,0,0,0,0,0,0,0,0,0,1138,0
20230926-r11122,0,0,0,0,0,0,0,0,0,0,0,0,0,0,0,0,0,1210
20230928-r41122,0,0,0,0,0,0,0,0,0,0,0,0,0,0,0,0,0,840
20231002-r11123,0,0,0,0,0,0,0,0,0,0,0,0,0,0,0,0,0,902
20231005-vo3278,0,0,0,0,0,0,0,0,0,0,0,0,0,0,0,0,591,0
20231009-r11124,95,0,0,0,1,3,3,15,59,387,0,0,0,0,5,0,0,4
20231012-vo3285,2,0,0,0,3,11,72,213,200,81,0,0,0,0,14,0,0,44
20231017-r11125,217,0,0,2,0,1,3,13,54,799,0,0,0,0,7,0,10,0
20231019-r41125,2,0,0,0,13,66,119,209,285,276,0,0,0,0,39,1,0,0
20231023-r11126,105,0,0,0,0,0,1,19,86,796,0,0,0,0,3,0,0,0
20231026-vo3299,45,1,1,3,27,98,154,260,363,51,0,0,0,0,5,0,94,0
20231030-r11127,219,1,0,1,1,4,10,32,85,598,0,0,0,0,1,0,10,0
20231102-vo3306,0,0,0,0,6,18,53,95,90,48,0,0,0,0,0,0,327,0
20231106-r11128,0,0,0,0,0,0,0,0,0,0,0,0,0,0,0,0,0,1224
20231109-r41128,0,0,0,0,0,0,0,0,0,0,0,0,0,0,0,0,0,1456
20231113-r11129,715,0,0,0,0,0,2,4,21,302,0,0,0,0,1,1,6,212
20231116-vr2304,0,0,0,0,0,0,0,0,0,0,0,0,0,0,0,0,1680,0
20231120-r11130,157,0,0,0,1,2,4,50,90,592,0,0,0,0,3,1,2,26
20231123-vo3327,0,0,0,0,0,0,0,0,0,0,0,0,0,0,0,0,0,334
20231127-r11131,0,0,0,0,0,0,0,0,0,0,0,0,0,0,0,0,0,806
20231130-r41131,0,0,0,0,0,0,0,0,0,0,0,0,0,0,0,0,0,1224
20231204-r11132,0,0,0,0,0,0,0,0,0,0,0,0,0,0,0,0,0,688
20231207-vo3341,0,0,0,0,0,0,0,0,0,0,0,0,0,0,0,0,0,1208
20231211-r11133,0,0,0,0,0,0,0,0,0,0,0,0,0,0,0,0,282,0
20231213-vo3347,0,0,0,0,0,0,0,0,0,0,0,0,0,0,0,0,0,0
20231214-r41133,0,0,0,0,0,0,0,0,0,0,0,0,0,0,0,0,0,1534
20231218-r11134,0,0,0,0,0,0,0,0,0,0,0,0,0,0,0,0,0,0
20231220-r41134,0,0,0,0,0,0,0,0,0,0,0,0,0,0,0,0,0,0
20240103-vo4003,0,0,0,0,0,0,0,0,0,0,0,0,0,0,0,0,0,0
20240104-r41136,0,0,0,0,0,0,0,0,0,0,0,0,0,0,0,0,0,0
20240111-r41137,0,0,0,0,0,0,0,0,0,0,0,0,0,0,0,0,0,0
20240117-vo4017,0,0,0,0,0,0,0,0,0,0,0,0,0,0,0,0,0,0
20240118-r41138,0,0,0,0,0,0,0,0,0,0,0,0,0,0,0,0,0,0
20240125-r41139,0,0,0,0,0,0,0,0,0,0,0,0,0,0,0,0,0,0
20240201-r41140,0,0,0,0,0,0,0,0,0,0,0,0,0,0,0,0,0,0
20240207-vr2401,0,0,0,0,0,0,0,0,0,0,0,0,0,0,0,0,1680,0
20240208-r41141,0,0,0,0,0,0,0,0,0,0,0,0,0,0,0,0,0,0
20240214-vo4045,0,0,0,0,0,0,0,0,0,0,0,0,0,0,0,0,1622,0
20240215-r41142,0,0,0,0,0,0,0,0,0,0,0,0,0,0,0,0,1028,0
20240222-r41143,0,0,0,0,0,0,0,0,0,0,0,0,0,0,0,0,0,0
20240229-r41144,0,0,0,0,0,0,0,0,0,0,0,0,0,0,0,0,0,0
20240306-vo4066,0,0,0,0,0,0,0,0,0,0,0,0,0,0,0,0,0,0
20240307-r41145,0,0,0,0,0,0,0,0,0,0,0,0,0,0,0,0,0,0
20240311-r11146,0,0,0,0,0,0,0,0,0,0,0,0,0,0,0,0,0,0
20240314-r41146,0,0,0,0,0,0,0,0,0,0,0,0,0,0,0,0,0,0
20240318-r11147,0,0,0,0,0,0,0,0,0,0,0,0,0,0,0,0,0,900
20240320-vo4080,0,0,0,0,0,0,0,0,0,0,0,0,0,0,0,0,1314,0
20240321-r41147,0,0,0,0,0,0,0,0,0,0,0,0,0,0,0,0,0,1406
20240325-r11148,0,0,0,0,0,0,0,0,0,0,0,0,0,0,0,0,0,806
20240327-vo4087,0,0,6,15,32,35,41,32,29,152,0,0,0,0,146,13,56,746
20240403-vo4094,1,2,0,2,60,130,94,186,123,157,0,0,0,0,2,3,265,0
20240408-r11150,109,0,0,0,0,1,3,2,25,243,0,0,0,0,3,0,0,596
20240411-r41150,0,0,0,0,0,0,0,0,0,0,0,0,0,0,0,0,0,1092
20240415-r11151,102,0,0,0,1,4,11,22,134,724,0,0,0,0,0,0,0,2
20240417-vo4108,0,0,3,10,20,66,187,246,150,69,0,18,0,0,63,3,3,0
20240418-r41151,92,0,0,3,14,21,39,91,230,608,0,0,0,0,16,0,0,134
20240422-r11152,79,0,0,0,0,0,3,14,56,629,0,0,0,0,1,0,0,18
20240424-vo4115,0,0,0,3,11,19,72,252,348,138,0,0,0,0,51,0,0,0
20240425-r41152,285,0,0,6,13,10,19,45,63,225,0,0,0,0,235,5,4,218
20240429-r11153,61,1,0,0,0,2,2,11,54,759,0,0,0,0,2,0,4,128
20240502-r41153,235,0,1,1,6,9,32,48,171,644,0,0,0,0,33,2,74,0
20240506-r11154,91,0,0,0,6,2,5,23,157,414,0,0,0,0,0,0,0,0
20240513-r11155,80,0,0,0,0,2,6,14,46,972,0,0,0,0,4,0,2,24
20240522-vo4143,0,1,0,0,2,16,70,194,241,79,0,0,0,0,43,0,33,0
20240523-r41156,186,0,0,0,0,0,5,27,169,942,0,0,0,0,36,9,0,0
20240527-r11157,110,0,0,1,0,1,3,23,94,829,0,0,0,0,3,0,16,224
20240529-vo4150,0,0,4,1,1,14,79,233,298,365,0,0,0,0,1,0,207,0
20240530-r41157,36,2,12,35,71,110,165,79,165,219,0,0,0,0,20,0,220,8
20240603-r11158,84,0,0,0,0,1,1,13,124,1184,0,0,0,0,3,0,0,4
20240605-vo4157,0,0,0,0,6,49,195,437,395,251,0,0,0,0,140,0,15,0
20240606-r41158,96,0,0,5,6,8,34,40,133,697,0,0,0,0,52,11,35,5
20240610-r11159,138,2,0,0,0,0,1,9,114,974,0,0,0,0,4,2,2,0
20240612-vr2402,0,0,0,0,0,0,0,0,0,0,0,0,0,0,0,0,0,0
20240613-r41159,162,0,0,0,1,1,0,19,91,1074,0,0,0,0,10,0,0,50
20240617-r11160,0,0,2,6,31,104,155,159,236,454,0,0,0,0,34,0,1,46
20240620-r41160,0,0,0,12,52,95,116,135,86,139,0,0,0,0,92,0,179,0
20240624-r11161,240,0,0,0,0,5,3,24,93,915,0,0,0,0,4,0,2,0
20240626-vo4178,3,0,1,4,2,12,96,295,402,194,0,0,0,0,99,0,5,161
20240627-r41161,67,1,0,1,0,3,8,54,214,853,0,0,0,0,3,0,0,32
20240701-r11162,77,0,0,2,1,6,9,21,93,501,0,0,0,0,4,0,200,0
20240704-r41162,97,0,1,3,12,21,31,82,134,617,0,0,0,0,35,1,0,2
20240708-r11163,172,0,0,1,1,8,12,31,83,1073,0,0,0,0,5,0,108,0
20240710-vo4192,190,0,1,1,11,25,69,192,294,106,0,0,0,0,91,32,14,4
20240711-r41163,109,0,2,8,25,36,41,77,214,1001,0,0,0,0,3,2,0,0
20240715-r11164,294,0,0,0,0,0,2,3,21,485,0,0,0,0,1,0,2,34
20240717-vo4199,254,1,3,3,15,48,84,126,132,38,0,0,0,0,22,102,280,0
20240718-r41164,0,0,3,19,67,160,355,394,206,251,0,0,0,0,60,1,6,66
20240722-r11165,11,0,1,11,42,84,133,164,174,438,0,0,0,0,58,6,10,72
20240725-r41165,0,0,0,9,26,91,112,129,101,177,0,0,0,0,47,0,36,98
20240729-r11166,86,0,1,2,5,14,6,12,34,668,0,0,0,0,24,0,64,460
20240731-vo4213,25,0,0,0,0,9,47,157,252,73,0,0,0,0,66,23,49,337
20240801-r41166,152,0,0,0,0,0,2,87,40,225,0,0,0,0,325,8,415,0
20240805-r11167,67,0,0,1,1,5,8,14,58,883,0,0,0,0,3,0,58,312
20240807-vo4220,1,0,0,0,1,6,38,183,439,194,0,0,0,0,25,0,18,0
20240808-r41167,0,0,0,5,40,132,172,235,312,536,0,0,0,0,72,6,38,14
20240812-r11168,76,1,0,2,9,30,43,44,108,1200,0,0,0,0,73,0,30,64
20240815-r41168,0,0,0,0,0,0,0,0,0,0,0,0,0,0,0,0,0,1364
20240902-r11171,127,0,0,5,9,26,35,34,49,394,0,0,0,0,13,0,0,44
20240904-vo4248,21,0,0,2,11,34,107,327,259,182,0,5,0,0,97,0,52,339
20240905-r41171,101,0,0,1,0,2,7,44,162,763,0,0,0,0,12,2,22,28
20240909-r11172,175,2,5,38,71,115,124,140,179,893,0,0,0,0,0,0,2,6
20240912-r41172,119,0,0,0,1,4,3,40,155,689,0,0,0,0,6,0,21,38
20240916-r11173,138,1,6,42,73,95,71,92,133,1175,0,0,0,0,8,0,2,38
20240918-vo4262,3,0,0,3,13,43,138,292,260,176,0,0,0,0,126,5,855,0
20240919-r41173,204,0,0,0,1,7,16,60,216,1117,0,0,0,0,9,0,0,50
20240923-r11174,212,1,0,1,3,10,4,15,51,570,0,0,0,0,0,5,0,92
20240925-vo4269,6,0,1,3,16,43,134,304,255,230,0,0,0,0,129,22,1,0
20240926-r41174,254,0,0,0,1,7,3,108,38,169,0,0,0,0,277,6,13,350
20240930-r11175,154,0,0,0,3,6,4,13,65,743,0,0,0,0,0,0,358,0
20241003-r41175,69,0,0,0,1,4,7,24,86,353,0,0,0,0,8,0,538,24
20241007-r11176,268,0,0,1,1,1,4,16,28,618,0,0,0,0,0,1,0,538
20241009-vo4283,7,1,1,5,8,10,34,111,250,301,0,0,0,0,52,0,0,0
20241010-r41176,249,0,0,0,2,6,11,55,200,522,0,0,0,0,29,0,6,32
20241014-r11177,250,0,0,1,5,8,5,25,98,1302,0,0,0,0,8,0,0,0
20241016-vo4290,29,0,0,2,5,7,14,88,150,431,0,12,0,0,369,24,293,0
20241017-r41177,0,2,1,56,146,242,264,206,181,214,0,0,0,0,1,9,0,0
20241021-r11178,209,0,3,1,2,6,10,38,155,1416,0,0,0,0,17,1,4,362
20241023-vr2404,85,0,0,1,6,27,75,198,435,906,0,0,0,0,93,17,536,0
20241024-r41178,205,1,0,1,5,11,62,114,300,683,0,0,0,0,41,0,21,0
20241028-r11179,201,0,0,0,0,4,10,35,123,1415,0,0,0,0,4,0,4,0
20241031-r41179,570,0,0,0,0,0,5,19,37,705,0,0,0,0,12,0,4,12
20241104-r11180,392,0,0,0,0,2,2,24,62,1380,0,0,0,0,1,5,2,0
20241106-vo4311,16,0,0,0,5,19,52,201,274,186,0,0,0,0,64,21,1,54
20241107-r41180,266,0,0,0,0,2,6,28,137,1020,0,0,0,0,25,13,1,6
20241111-r11181,162,0,0,13,7,34,26,42,87,725,0,0,0,0,6,0,10,1200
20241113-vo4318,311,0,0,2,17,24,77,162,111,161,0,0,0,0,0,2,41,0
20241114-r41181,188,0,0,0,0,2,7,22,126,889,0,0,0,0,18,1,71,0
20241118-r11182,178,0,1,1,24,28,30,47,77,837,0,0,0,0,25,10,4,0
20241120-vo4325,0,1,2,16,33,58,113,197,165,103,0,0,0,0,62,2,2,0
20241121-r41182,0,0,19,93,222,163,211,86,49,6,0,0,0,0,265,6,10,178
20241125-vt4330,8,0,0,0,1,4,6,8,4,72,0,0,0,0,33,4,0,0
20241126-vt4331,5,0,0,0,2,4,5,20,11,75,0,0,0,0,3,0,1,14
20241127-vt4332,37,0,0,0,0,0,1,0,0,59,0,0,0,0,21,8,0,14
20241128-vt4333,69,0,0,0,0,1,0,0,0,48,0,0,0,0,0,1,0,21
20241128-r41183,0,0,0,0,0,0,0,0,0,0,0,0,0,0,0,0,0,0
20241129-vt4334,66,0,0,0,0,1,1,3,0,47,0,0,0,0,0,6,2,14
20241202-r11184,217,1,1,5,14,14,15,25,35,813,0,0,0,0,0,0,0,176
20241204-vo4339,19,1,2,17,25,57,137,277,274,203,0,31,0,0,61,17,1,0
20241205-r41184,95,0,0,1,0,3,8,38,164,1018,0,0,0,0,12,0,9,34
20241209-r11185,1097,0,0,5,14,29,31,37,88,264,0,0,0,0,153,0,6,118
20241211-vo4346,144,0,0,0,0,0,0,1,4,668,0,0,0,0,107,18,172,0
20241216-r11186,161,0,1,9,16,19,12,25,39,589,0,0,0,0,1,0,2,46
20241218-vr2405,57,0,1,4,12,30,73,191,412,751,0,0,0,0,78,53,626,0
20241219-r41186,154,0,0,0,7,12,15,51,152,511,0,0,0,0,2,0,0,120
20250102-r41188,64,0,0,9,25,16,21,36,50,341,0,0,0,0,109,21,0,544
20250107-r11189,235,3,6,20,58,108,74,100,123,982,0,0,0,0,25,0,8,236
20250109-r41189,128,0,0,0,0,0,2,16,53,336,0,0,0,0,7,0,96,464
20250113-r11190,303,0,0,5,5,14,20,40,79,995,0,0,0,0,10,1,2,414
20250115-vo5015,93,1,1,8,24,45,72,323,406,276,0,0,0,0,55,9,53,0
20250116-r41190,54,0,0,1,1,1,4,10,31,170,0,0,0,0,7,3,468,640
20250120-r11191,229,0,0,17,30,66,52,52,95,771,0,0,0,0,0,0,8,0
20250122-vo5022,8,1,3,11,31,58,135,284,242,331,0,1,0,0,119,122,2,0
20250123-r41191,99,0,0,0,1,0,3,27,64,472,0,0,0,0,15,1,70,432
20250127-r11192,133,0,0,2,2,7,5,19,69,807,0,0,0,0,0,0,0,28
20250129-vo5029,6,0,0,2,13,36,60,275,431,267,0,0,0,0,39,0,0,163
20250130-r41192,102,0,1,3,13,29,36,42,91,504,0,0,0,0,49,0,0,392
20250203-vt5034,16,0,4,4,10,15,22,56,132,153,0,0,0,0,47,3,4,0
20250203-r11193,211,1,1,6,8,23,15,164,37,329,0,0,0,0,31,0,4,100
20250204-vt5035,39,2,4,6,8,31,60,76,36,117,0,0,0,0,63,1,0,23
20250205-vt5036,18,0,0,0,0,1,0,6,2,173,0,0,0,0,185,13,0,68
20250206-vt5037,442,0,0,0,0,0,0,0,0,1,0,0,0,0,0,0,0,23
20250206-r41193,0,3,6,25,58,123,152,141,128,105,0,0,0,0,149,1,21,568
20250207-vt5038,64,1,2,3,24,40,22,46,13,167,0,0,0,0,27,34,0,23
20250210-r11194,345,1,0,14,35,44,55,80,111,1375,0,0,0,0,4,0,2,0
20250212-vo5043,4,0,1,4,9,43,74,156,242,174,0,0,0,0,56,0,39,524
20250213-r41194,144,0,0,5,13,13,22,49,137,533,0,0,0,0,56,10,0,20
20250217-r11195,205,0,3,7,11,22,20,42,72,445,0,0,0,0,1,0,0,0
20250219-vr2501,1,0,1,1,7,19,71,214,381,284,0,0,0,0,33,16,273,0
20250220-r41195,152,0,2,5,23,31,44,61,190,854,0,0,0,0,38,2,26,58
20250224-r11196,200,1,0,0,9,19,32,69,177,872,0,0,0,0,39,20,0,128
20250226-vo5057,7,0,2,13,21,42,80,238,257,175,0,0,0,0,28,1,0,0
20250227-r41196,112,0,0,0,2,4,5,25,103,567,0,0,0,0,15,1,0,170
20250303-r11197,194,0,3,5,8,28,30,40,111,1214,0,0,0,0,0,1,2,76
20250305-vo5064,9,2,3,14,27,72,85,202,355,328,0,0,0,0,72,22,10,121
20250306-r41197,110,0,0,0,3,5,16,27,106,731,0,0,0,0,13,1,0,146
20250310-r11198,156,0,1,5,14,20,21,56,167,869,0,0,0,0,3,0,0,218
20250312-vr2502,54,1,0,5,3,19,41,109,432,848,0,0,0,0,116,67,617,0
20250313-r41198,53,0,0,5,17,20,38,69,211,624,0,0,0,0,66,9,0,120
20250317-r11199,252,0,1,4,11,12,19,63,141,1506,0,0,0,0,21,0,8,48
20250320-r41199,82,1,0,1,12,31,33,65,168,791,0,0,0,0,13,1,60,62
20250324-r11200,222,0,0,3,8,26,18,43,57,978,0,0,0,0,25,0,4,0
20250326-vo5085,7,0,1,4,12,52,71,220,329,431,0,0,0,0,52,5,34,0
20250327-r41200,99,0,1,0,1,9,6,25,121,1025,0,0,0,0,5,0,38,0
20250331-r11201,105,0,0,0,0,6,13,57,130,850,0,0,0,0,7,0,0,0
20250402-vo5092,13,0,2,5,23,53,58,210,355,297,0,0,0,0,115,169,0,0
20250403-r41201,109,0,0,7,20,34,41,71,147,1037,0,0,0,0,35,1,0,32
20250409-vo5099,15,0,3,8,19,96,71,293,455,407,0,0,0,0,88,13,260,0
20250410-r41202,103,0,0,0,4,9,15,45,171,952,0,0,0,0,16,11,0,98
20250414-r11203,284,2,5,34,63,106,71,106,139,1026,0,0,0,0,4,0,0,56
20250422-r11204,169,1,2,4,13,15,26,47,117,1241,0,0,0,0,3,0,4,150
20250424-r41204,38,0,0,1,1,3,15,30,110,695,0,0,0,0,5,0,2,180
20250428-r11205,345,0,0,6,12,18,31,48,191,1733,0,0,0,0,86,0,30,0
20250430-vo5120,33,0,3,17,44,111,200,321,316,332,0,0,0,0,258,0,0,0
20250505-r11206,389,2,7,38,95,126,136,78,80,930,0,0,0,0,25,0,82,10
20250507-r41206,195,0,0,5,12,25,23,28,37,353,0,0,0,0,48,0,0,0
20250514-vo5134,10,0,0,6,27,48,60,191,208,155,0,0,0,0,117,0,2,532
20250515-r41207,150,0,0,0,2,3,10,52,241,762,0,0,0,0,6,2,0,122
20250519-r11208,64,2,2,35,74,115,123,121,95,698,0,0,0,0,1,0,0,0
20250521-vr2503,0,2,0,2,2,10,44,141,290,348,0,0,0,0,46,0,212,0
20250522-r41208,120,1,0,2,7,17,16,91,187,333,0,0,0,0,16,0,14,186
20250526-r11209,266,0,1,22,42,97,100,71,123,814,0,0,0,0,3,11,22,74
20250528-vo5148,23,0,1,2,9,44,45,179,295,355,0,0,0,0,42,3,62,0
20250605-r41210,46,0,0,1,11,26,46,62,201,1135,0,0,0,0,28,0,82,0
20250611-vo5162,2,0,0,3,12,33,36,141,373,433,0,13,0,0,122,254,414,0
20250612-r41211,80,0,0,3,5,18,118,95,235,441,0,0,0,0,52,5,0,44
20250618-vr2504,0,2,0,2,4,21,45,127,182,40,0,0,0,0,23,1,357,0
20250625-vo5176,94,0,0,3,8,40,31,114,357,507,0,0,0,0,78,102,0,33
20250626-r41213,61,0,0,5,12,25,37,60,108,550,0,0,0,0,12,0,0,16
20250714-r11216,177,0,1,15,43,66,60,100,253,1757,0,0,0,0,3,5,4,80
20250717-r41216,59,0,0,6,4,13,23,87,191,768,0,0,0,0,37,0,0,518
20250721-r11217,155,0,1,8,25,68,70,85,222,1895,0,0,0,0,6,1,2,6
20250723-vo5204,8,0,0,1,4,15,39,158,463,304,0,0,0,0,41,0,11,0
20250724-r41217,73,0,0,2,5,5,20,68,196,287,0,0,0,0,20,0,0,126
20250728-r11218,89,0,0,9,14,30,28,42,117,1250,0,0,0,0,89,0,8,290
20250730-vs5211,33,0,0,1,4,18,55,207,528,937,0,0,0,0,59,3,508,0
20250731-r41218,78,0,0,2,4,28,30,48,101,413,0,0,0,0,20,0,4,56
20250804-r11219,180,1,1,4,9,21,39,34,131,1227,0,0,0,0,29,0,20,0
20250806-vr2505,19,0,0,2,2,19,45,171,579,576,0,0,0,0,34,71,347,0
20250807-r41219,126,0,0,0,2,29,26,67,173,683,0,0,0,0,8,10,168,286
20250813-r41220,48,0,0,2,7,16,33,44,139,661,0,0,0,0,36,0,0,154
20250818-r11221,30,0,0,1,4,10,13,17,91,937,0,0,0,0,0,1,0,0
20250820-vo5232,6,0,0,1,6,11,22,169,425,358,0,0,0,0,44,44,1,0
20250821-r41221,97,0,3,7,24,53,70,134,243,718,0,0,0,0,53,2,6,0
20250825-r11222,39,0,1,0,3,4,4,10,20,564,0,0,0,0,7,2,0,0
20250827-vs5239,34,4,10,24,74,148,267,534,473,201,0,0,0,0,111,7,97,0
20250828-r41222,60,0,0,0,5,1,8,56,144,737,0,0,0,0,13,0,0,176
20250901-r11223,105,0,0,6,10,23,30,28,94,1009,0,0,0,0,0,1,444,124
20250904-r41223,95,1,0,2,2,6,10,42,101,354,0,0,0,0,18,0,1,120
20250908-r11224,93,1,1,3,10,23,31,42,77,1145,0,0,0,0,38,0,0,36
20250910-vo5253,3,0,1,0,3,18,24,117,470,372,0,0,0,0,27,20,0,0
20250911-r41224,63,0,2,7,3,18,36,40,132,640,0,0,0,0,15,0,38,0
20250915-r11225,104,0,0,7,16,25,29,20,41,1191,0,0,0,0,1,0,22,36
20250917-vr2506,6,0,0,0,1,3,43,218,560,591,0,0,0,0,35,0,360,0
20250918-r41225,33,0,0,7,13,27,28,73,126,619,0,0,0,0,46,0,0,40
20250922-r11226,68,0,0,3,3,5,4,8,35,592,0,0,0,0,14,0,0,690
20250924-vs5267,1002,0,0,1,2,8,23,74,124,838,0,1,0,0,67,4,412,1127
20250925-r41226,127,0,0,3,6,15,27,48,134,690,0,0,0,0,20,0,14,30
20250929-r11227,116,0,0,6,21,25,25,47,197,1016,0,0,0,0,1,0,0,0
20251002-r41227,433,0,3,5,17,14,36,75,170,645,0,0,0,0,22,0,0,58
20251006-r11228,108,0,0,0,0,7,4,4,19,856,0,0,0,0,8,0,0,14
20251008-vo5281,1,0,1,1,5,19,62,97,92,43,0,0,0,0,51,6,10,398
20251009-r41228,109,0,0,1,7,4,10,35,53,388,0,0,0,0,11,0,8,52
20251013-r11229,316,0,0,3,3,15,22,52,197,1030,0,0,0,0,24,0,0,0
20251016-r41229,86,0,0,1,10,13,39,93,227,573,0,0,0,0,16,0,6,70
20251020-r11230,155,4,18,55,67,49,56,110,186,973,0,0,0,0,18,1,2,154
20251022-vs5295,239,2,2,8,27,49,95,129,143,166,0,0,0,0,4,0,2149,0
20251023-r41230,40,0,0,0,4,9,9,44,228,750,0,0,0,0,28,0,0,100
20251027-r11231,129,0,2,10,34,60,52,115,208,1442,0,0,0,0,3,4,3,8
20251029-vo5302,8,2,1,15,42,83,119,145,204,109,0,0,0,0,101,0,351,0
20251030-r41231,109,0,6,5,7,18,34,55,215,643,0,0,0,0,34,0,0,58
20251103-r11232,91,0,0,5,18,20,28,63,133,866,0,0,0,0,0,0,0,0
20251105-vr2507,22,0,2,10,35,69,168,494,673,580,0,0,0,0,128,23,0,0
20251106-r41232,128,0,0,5,13,28,37,97,186,819,0,0,0,0,121,0,184,0
20251110-r11233,85,0,0,3,17,23,25,38,115,625,0,0,0,0,11,0,284,0
20251113-r41233,157,0,2,1,6,15,20,82,200,850,0,0,0,0,69,0,0,14
20251126-vo5330,0,0,0,0,0,0,0,0,0,0,0,0,0,0,0,0,0,0
20251201-r11236,174,0,0,0,6,10,14,54,167,954,0,0,0,0,6,1,4,438
20251203-vr2508,82,0,0,1,7,23,63,202,746,1464,0,46,0,0,103,0,199,0
20251204-r41236,107,0,0,2,1,8,14,79,171,900,0,0,0,0,21,0,251,0
20251208-r11237,194,0,0,3,7,6,15,22,125,1640,0,0,0,0,17,13,76,0
20251210-vs5344,251,0,2,2,10,10,73,227,731,1275,0,0,0,0,160,22,23,9
20251211-r41237,128,0,0,2,4,11,10,47,102,716,0,0,0,0,32,0,256,0
20251215-r11238,166,0,0,11,44,78,95,112,236,1001,0,0,0,0,3,60,8,0
20251217-vo5351,1,0,2,1,6,34,54,127,668,475,0,0,0,0,35,0,0,74
20251218-r41238,83,0,0,1,6,15,25,78,236,939,0,0,0,0,53,0,14,0
20251222-r11239,151,3,0,22,56,65,79,126,243,936,0,0,0,0,4,1,20,2
20251229-r11240,100,0,0,0,1,2,1,18,93,1173,0,0,0,0,1,0,7,210
20260105-r11241,119,0,7,11,32,38,57,273,281,527,0,0,0,0,3,0,0,502
20260107-vo6007,197,1,0,0,2,13,58,161,333,511,0,0,0,0,158,0,7,521
20260108-r41241,208,0,1,4,10,34,50,131,194,677,0,0,0,0,47,0,58,0
20260112-r11242,389,0,1,17,55,100,80,90,76,1044,0,0,0,0,12,0,12,0
20260114-vo6014,201,0,0,0,2,8,73,263,697,710,0,0,0,0,89,0,2,0
20260115-r41242,185,0,0,1,6,11,24,52,93,505,0,0,0,0,69,9,94,475
20260119-r11243,163,0,3,11,39,51,47,110,283,1218,0,0,0,0,1,0,68,0
20260121-vr2601,24,0,0,1,3,13,62,282,445,457,0,0,0,0,76,0,712,0
20260122-r41243,109,0,0,0,6,18,21,68,140,695,0,0,0,0,49,0,232,204
20260126-r11244,97,5,4,22,27,35,34,80,210,594,0,0,0,0,6,4,2,432
20260128-vo6028,28,1,5,14,72,121,188,206,289,271,0,0,0,0,167,18,381,0
20260129-r41244,124,0,0,11,20,57,58,67,140,720,0,4,0,0,23,0,144,38
20260204-vo6035,13,0,0,7,5,11,51,246,536,910,0,2,0,0,102,63,6,0
20260205-r41245,283,0,1,8,20,37,37,66,113,710,0,0,0,0,61,0,10,510
20260209-r11246,227,2,4,17,25,67,55,59,96,1039,0,0,0,0,3,0,10,0
20260211-r30001,26,0,0,0,4,12,39,158,564,1073,0,0,0,0,73,1,5,0
20260212-r41246,141,0,0,0,0,4,12,33,118,926,0,0,0,0,24,0,154,0
20260216-r11247,53,0,1,9,18,20,42,108,434,1289,0,0,0,0,6,0,20,54
20260218-vo6049,14,1,0,0,0,0,29,128,543,925,0,0,0,0,66,0,0,0
20260219-r41247,133,0,0,1,1,5,10,56,219,895,0,28,0,0,52,0,134,0
20260223-r11248,99,0,0,0,12,29,50,129,361,1290,0,0,0,0,1,7,14,0
20260225-vo6056,12,2,0,0,2,7,33,103,620,898,0,0,0,0,65,0,3,0
20260226-r41248,94,3,9,24,36,23,45,30,127,526,0,0,0,0,37,0,50,0
20260302-r11249,95,0,2,14,29,46,53,30,77,604,0,0,0,0,0,6,26,140
20260309-r11250,169,2,2,20,34,48,26,43,55,659,0,0,0,0,15,7,16,658
